{
    "ret": 0.1993896899304386,
    "matrix": [
        [
            521.5816664696569,
            0.0,
            325.76533363456224
        ],
        [
            0.0,
            521.5699150136938,
            267.02884295159436
        ],
        [
            0.0,
            0.0,
            1.0
        ]
    ],
    "distortion": [
        [
            -0.09565784752298986,
            0.2416928596199843,
            -0.0010904491546578242,
            0.002426793827449431,
            -0.3834804040317423
        ]
    ],
    "rotation_vectors": [
        [
            [
                0.15993113394224465
            ],
            [
                -0.1389651954157386
            ],
            [
                1.58104538431534
            ]
        ],
        [
            [
                0.16141417185167567
            ],
            [
                -0.10032291936816727
            ],
            [
                1.2811151294799556
            ]
        ],
        [
            [
                0.14472122792826933
            ],
            [
                -0.12963638014227313
            ],
            [
                1.6208891465966513
            ]
        ],
        [
            [
                0.15047636370190057
            ],
            [
                -0.1205346891929021
            ],
            [
                1.4887441761462383
            ]
        ],
        [
            [
                0.1495002241022027
            ],
            [
                -0.11749943874607084
            ],
            [
                1.537606959676707
            ]
        ],
        [
            [
                0.14886723816376166
            ],
            [
                -0.13188547080797264
            ],
            [
                1.6126893435668845
            ]
        ],
        [
            [
                0.1458298219750542
            ],
            [
                -0.1407078638733232
            ],
            [
                1.7456740375904405
            ]
        ],
        [
            [
                0.1517040519821638
            ],
            [
                -0.1100010614760559
            ],
            [
                1.4730331315362053
            ]
        ],
        [
            [
                0.1548832538158224
            ],
            [
                -0.11671898406252848
            ],
            [
                1.4538399140950335
            ]
        ],
        [
            [
                0.15491474536825303
            ],
            [
                -0.10266424259192453
            ],
            [
                1.3260277251458863
            ]
        ]
    ],
    "translation_vectors": [
        [
            [
                0.019737099367826378
            ],
            [
                -0.15102754732042944
            ],
            [
                0.4804589532118353
            ]
        ],
        [
            [
                0.10830429174268563
            ],
            [
                -0.11848928249496846
            ],
            [
                0.4872057864671328
            ]
        ],
        [
            [
                0.15600994749577254
            ],
            [
                0.0015730493734485013
            ],
            [
                0.5084404889804993
            ]
        ],
        [
            [
                0.26609953904360567
            ],
            [
                -0.11456059448351318
            ],
            [
                0.48672665570785384
            ]
        ],
        [
            [
                0.16749557236185625
            ],
            [
                -0.0521327100396881
            ],
            [
                0.49872026331176017
            ]
        ],
        [
            [
                0.011932873254018978
            ],
            [
                -0.06883632863654493
            ],
            [
                0.4968732494254253
            ]
        ],
        [
            [
                0.14346701215702448
            ],
            [
                -0.04762240560779451
            ],
            [
                0.4987447622134739
            ]
        ],
        [
            [
                0.23301601750821874
            ],
            [
                -0.07271015766026276
            ],
            [
                0.49468819542814185
            ]
        ],
        [
            [
                0.15399761533440015
            ],
            [
                -0.11114192040057275
            ],
            [
                0.48792777097298606
            ]
        ],
        [
            [
                0.20151244084388303
            ],
            [
                -0.1147227823889931
            ],
            [
                0.4880035348119798
            ]
        ]
    ]
}